row_no;id;label;a1;a2;a3;a4
150;id_150;Iris-virginica;5.9;3.0;5.1;1.8
149;id_149;Iris-virginica;6.2;3.4;5.4;2.3
148;id_148;Iris-virginica;6.5;3.0;5.2;2.0
147;id_147;Iris-virginica;6.3;2.5;5.0;1.9
146;id_146;Iris-virginica;6.7;3.0;5.2;2.3
145;id_145;Iris-virginica;6.7;3.3;5.7;2.5
144;id_144;Iris-virginica;6.8;3.2;5.9;2.3
143;id_143;Iris-virginica;5.8;2.7;5.1;1.9
142;id_142;Iris-virginica;6.9;3.1;5.1;2.3
141;id_141;Iris-virginica;6.7;3.1;5.6;2.4
140;id_140;Iris-virginica;6.9;3.1;5.4;2.1
139;id_139;Iris-virginica;6.0;3.0;4.8;1.8
138;id_138;Iris-virginica;6.4;3.1;5.5;1.8
137;id_137;Iris-virginica;6.3;3.4;5.6;2.4
136;id_136;Iris-virginica;7.7;3.0;6.1;2.3
135;id_135;Iris-virginica;6.1;2.6;5.6;1.4
134;id_134;Iris-virginica;6.3;2.8;5.1;1.5
133;id_133;Iris-virginica;6.4;2.8;5.6;2.2
132;id_132;Iris-virginica;7.9;3.8;6.4;2.0
131;id_131;Iris-virginica;7.4;2.8;6.1;1.9
130;id_130;Iris-virginica;7.2;3.0;5.8;1.6
129;id_129;Iris-virginica;6.4;2.8;5.6;2.1
128;id_128;Iris-virginica;6.1;3.0;4.9;1.8
127;id_127;Iris-virginica;6.2;2.8;4.8;1.8
126;id_126;Iris-virginica;7.2;3.2;6.0;1.8
125;id_125;Iris-virginica;6.7;3.3;5.7;2.1
124;id_124;Iris-virginica;6.3;2.7;4.9;1.8
123;id_123;Iris-virginica;7.7;2.8;6.7;2.0
122;id_122;Iris-virginica;5.6;2.8;4.9;2.0
121;id_121;Iris-virginica;6.9;3.2;5.7;2.3
120;id_120;Iris-virginica;6.0;2.2;5.0;1.5
119;id_119;Iris-virginica;7.7;2.6;6.9;2.3
118;id_118;Iris-virginica;7.7;3.8;6.7;2.2
117;id_117;Iris-virginica;6.5;3.0;5.5;1.8
116;id_116;Iris-virginica;6.4;3.2;5.3;2.3
115;id_115;Iris-virginica;5.8;2.8;5.1;2.4
114;id_114;Iris-virginica;5.7;2.5;5.0;2.0
113;id_113;Iris-virginica;6.8;3.0;5.5;2.1
112;id_112;Iris-virginica;6.4;2.7;5.3;1.9
111;id_111;Iris-virginica;6.5;3.2;5.1;2.0
110;id_110;Iris-virginica;7.2;3.6;6.1;2.5
109;id_109;Iris-virginica;6.7;2.5;5.8;1.8
108;id_108;Iris-virginica;7.3;2.9;6.3;1.8
107;id_107;Iris-virginica;4.9;2.5;4.5;1.7
106;id_106;Iris-virginica;7.6;3.0;6.6;2.1
105;id_105;Iris-virginica;6.5;3.0;5.8;2.2
104;id_104;Iris-virginica;6.3;2.9;5.6;1.8
103;id_103;Iris-virginica;7.1;3.0;5.9;2.1
102;id_102;Iris-virginica;5.8;2.7;5.1;1.9
101;id_101;Iris-virginica;6.3;3.3;6.0;2.5
100;id_100;Iris-versicolor;5.7;2.8;4.1;1.3
99;id_99;Iris-versicolor;5.1;2.5;3.0;1.1
98;id_98;Iris-versicolor;6.2;2.9;4.3;1.3
97;id_97;Iris-versicolor;5.7;2.9;4.2;1.3
96;id_96;Iris-versicolor;5.7;3.0;4.2;1.2
95;id_95;Iris-versicolor;5.6;2.7;4.2;1.3
94;id_94;Iris-versicolor;5.0;2.3;3.3;1.0
93;id_93;Iris-versicolor;5.8;2.6;4.0;1.2
92;id_92;Iris-versicolor;6.1;3.0;4.6;1.4
91;id_91;Iris-versicolor;5.5;2.6;4.4;1.2
90;id_90;Iris-versicolor;5.5;2.5;4.0;1.3
89;id_89;Iris-versicolor;5.6;3.0;4.1;1.3
88;id_88;Iris-versicolor;6.3;2.3;4.4;1.3
87;id_87;Iris-versicolor;6.7;3.1;4.7;1.5
86;id_86;Iris-versicolor;6.0;3.4;4.5;1.6
85;id_85;Iris-versicolor;5.4;3.0;4.5;1.5
84;id_84;Iris-versicolor;6.0;2.7;5.1;1.6
83;id_83;Iris-versicolor;5.8;2.7;3.9;1.2
82;id_82;Iris-versicolor;5.5;2.4;3.7;1.0
81;id_81;Iris-versicolor;5.5;2.4;3.8;1.1
80;id_80;Iris-versicolor;5.7;2.6;3.5;1.0
79;id_79;Iris-versicolor;6.0;2.9;4.5;1.5
78;id_78;Iris-versicolor;6.7;3.0;5.0;1.7
77;id_77;Iris-versicolor;6.8;2.8;4.8;1.4
76;id_76;Iris-versicolor;6.6;3.0;4.4;1.4
75;id_75;Iris-versicolor;6.4;2.9;4.3;1.3
74;id_74;Iris-versicolor;6.1;2.8;4.7;1.2
73;id_73;Iris-versicolor;6.3;2.5;4.9;1.5
72;id_72;Iris-versicolor;6.1;2.8;4.0;1.3
71;id_71;Iris-versicolor;5.9;3.2;4.8;1.8
70;id_70;Iris-versicolor;5.6;2.5;3.9;1.1
69;id_69;Iris-versicolor;6.2;2.2;4.5;1.5
68;id_68;Iris-versicolor;5.8;2.7;4.1;1.0
67;id_67;Iris-versicolor;5.6;3.0;4.5;1.5
66;id_66;Iris-versicolor;6.7;3.1;4.4;1.4
65;id_65;Iris-versicolor;5.6;2.9;3.6;1.3
64;id_64;Iris-versicolor;6.1;2.9;4.7;1.4
63;id_63;Iris-versicolor;6.0;2.2;4.0;1.0
62;id_62;Iris-versicolor;5.9;3.0;4.2;1.5
61;id_61;Iris-versicolor;5.0;2.0;3.5;1.0
60;id_60;Iris-versicolor;5.2;2.7;3.9;1.4
59;id_59;Iris-versicolor;6.6;2.9;4.6;1.3
58;id_58;Iris-versicolor;4.9;2.4;3.3;1.0
57;id_57;Iris-versicolor;6.3;3.3;4.7;1.6
56;id_56;Iris-versicolor;5.7;2.8;4.5;1.3
55;id_55;Iris-versicolor;6.5;2.8;4.6;1.5
54;id_54;Iris-versicolor;5.5;2.3;4.0;1.3
53;id_53;Iris-versicolor;6.9;3.1;4.9;1.5
52;id_52;Iris-versicolor;6.4;3.2;4.5;1.5
51;id_51;Iris-versicolor;7.0;3.2;4.7;1.4
50;id_50;Iris-setosa;5.0;3.3;1.4;0.2
49;id_49;Iris-setosa;5.3;3.7;1.5;0.2
48;id_48;Iris-setosa;4.6;3.2;1.4;0.2
47;id_47;Iris-setosa;5.1;3.8;1.6;0.2
46;id_46;Iris-setosa;4.8;3.0;1.4;0.3
45;id_45;Iris-setosa;5.1;3.8;1.9;0.4
44;id_44;Iris-setosa;5.0;3.5;1.6;0.6
43;id_43;Iris-setosa;4.4;3.2;1.3;0.2
42;id_42;Iris-setosa;4.5;2.3;1.3;0.3
41;id_41;Iris-setosa;5.0;3.5;1.3;0.3
40;id_40;Iris-setosa;5.1;3.4;1.5;0.2
39;id_39;Iris-setosa;4.4;3.0;1.3;0.2
38;id_38;Iris-setosa;4.9;3.1;1.5;0.1
37;id_37;Iris-setosa;5.5;3.5;1.3;0.2
36;id_36;Iris-setosa;5.0;3.2;1.2;0.2
35;id_35;Iris-setosa;4.9;3.1;1.5;0.1
34;id_34;Iris-setosa;5.5;4.2;1.4;0.2
33;id_33;Iris-setosa;5.2;4.1;1.5;0.1
32;id_32;Iris-setosa;5.4;3.4;1.5;0.4
31;id_31;Iris-setosa;4.8;3.1;1.6;0.2
30;id_30;Iris-setosa;4.7;3.2;1.6;0.2
29;id_29;Iris-setosa;5.2;3.4;1.4;0.2
28;id_28;Iris-setosa;5.2;3.5;1.5;0.2
27;id_27;Iris-setosa;5.0;3.4;1.6;0.4
26;id_26;Iris-setosa;5.0;3.0;1.6;0.2
25;id_25;Iris-setosa;4.8;3.4;1.9;0.2
24;id_24;Iris-setosa;5.1;3.3;1.7;0.5
23;id_23;Iris-setosa;4.6;3.6;1.0;0.2
22;id_22;Iris-setosa;5.1;3.7;1.5;0.4
21;id_21;Iris-setosa;5.4;3.4;1.7;0.2
20;id_20;Iris-setosa;5.1;3.8;1.5;0.3
19;id_19;Iris-setosa;5.7;3.8;1.7;0.3
18;id_18;Iris-setosa;5.1;3.5;1.4;0.3
17;id_17;Iris-setosa;5.4;3.9;1.3;0.4
16;id_16;Iris-setosa;5.7;4.4;1.5;0.4
15;id_15;Iris-setosa;5.8;4.0;1.2;0.2
14;id_14;Iris-setosa;4.3;3.0;1.1;0.1
13;id_13;Iris-setosa;4.8;3.0;1.4;0.1
12;id_12;Iris-setosa;4.8;3.4;1.6;0.2
11;id_11;Iris-setosa;5.4;3.7;1.5;0.2
10;id_10;Iris-setosa;4.9;3.1;1.5;0.1
9;id_9;Iris-setosa;4.4;2.9;1.4;0.2
8;id_8;Iris-setosa;5.0;3.4;1.5;0.2
7;id_7;Iris-setosa;4.6;3.4;1.4;0.3
6;id_6;Iris-setosa;5.4;3.9;1.7;0.4
5;id_5;Iris-setosa;5.0;3.6;1.4;0.2
4;id_4;Iris-setosa;4.6;3.1;1.5;0.2
3;id_3;Iris-setosa;4.7;3.2;1.3;0.2
2;id_2;Iris-setosa;4.9;3.0;1.4;0.2
1;id_1;Iris-setosa;5.1;3.5;1.4;0.2
